{"color_space_origin": [0.24411659116598944, 0.1199141026711914, -0.39565591467357486], "color_space_vector1": [1.0516828524132145, 1.0082434686416812, 0.9044888517667051], "color_space_vector2": [-0.2939702858148093, 0.2119236946673305, 0.10557656683680965], "color_space_vector3": [-0.07078325366766215, -0.313014750157112, 0.4312232381779683]}